til_720_z1, til_1080_z1, til_4k_z1, til_720_z2, til_1080_z2, til_4k_z2, til_720_z3, til_1080_z3, z1_bit, z2_bit, z3_bit, til_4k_z3, qt_sw_z1, qt_sw_z2, qt_sw_z3, total_stall, start_time
1, 0, 59, 8, 0, 472, 39, 39, 2262, 3098056.773770, 11242820.389155, 12594383.425525, 1, 1, 2, 0.000000, 0.000101
